<?xml version="1.0" encoding="ISO-8859-1"?>
<manifest>
  <!-- core extension information -->
  <plugin>
    <name value= "Who's on Blackboard: Admin Tool"/>
    <description value= "Who's on Blackboard: Admin Tool"/>
    <handle value= "WhosOnBbAdmin"/>
    <version value= "0.1"/>
    <requires>
    	<bbversion value="9.1"/>
    </requires>
    <vendor>
      <id value="octt"/>
      <name value="OCTET"/>
      <url value="http://www.oberlin.edu/octet/" />
      <description value="Oberlin Center for Technologically Enhanced Teaching." />
    </vendor>
    <http-actions>
      <remove value="admin/remove.jsp"/>
    </http-actions>
		
		
		<application-defs>
      <application handle="WhosOnBbAdmin" type="shared" use-ssl="false" name="Who's on Blackboard: Admin Tool" can-allow-guest="false"
       small-icon="" large-icon="">
        <description lang="en_US">A tool which allows the system administrator to view who is currently logged in.</description>
        <links>
		   <link>
            <type value="system_tool"/>
            <name value="Who's on Blackboard: Admin Tool"/>
            <url value="links/view.jsp"/>
            <description value="A tool which allows the system administrator to view who is currently logged in." />
            <icons>
              <listitem value="images/icon.gif"/>
            </icons>
          </link>
		   </links>
	  </application>
   </application-defs>
		
		
		
	 <permissions>
        <permission type="attribute" name="user.authinfo" actions="get" />
        <permission type="attribute" name="user.personalinfo" actions="get" />
		<permission type="persist" name="Content" actions="create,modify,delete"/>
      </permissions>
	</plugin>
</manifest>